customerID,gender,SeniorCitizen,Partner,Dependents,tenure,PhoneService,MultipleLines,InternetService,OnlineSecurity,OnlineBackup,DeviceProtection,TechSupport,StreamingTV,StreamingMovies,Contract,PaperlessBilling,PaymentMethod,MonthlyCharges,TotalCharges,churned
2065-YRHHG,Female,0,No,No,32,Yes,No,No,No internet service,No internet service,No internet service,No internet service,No internet service,No internet service,Month-to-month,Yes,Bank transfer (automatic),75.76,2526.97,0
8611-GPIUY,Male,0,No,No,20,Yes,Yes,DSL,No,Yes,Yes,No,No,No,Month-to-month,Yes,Bank transfer (automatic),115.66,2426.8,1
4159-YMSGL,Female,0,No,No,40,Yes,No,Fiber optic,No,No,No,No,Yes,No,One year,Yes,Credit card (automatic),85.63,3370.14,1
9978-UZSXZ,Male,0,No,Yes,1,Yes,No,DSL,No,No,Yes,No,No,No,One year,Yes,Bank transfer (automatic),81.9,120.19,0
8190-EUEJJ,Female,0,Yes,Yes,39,Yes,No,No,No internet service,No internet service,No internet service,No internet service,No internet service,No internet service,Month-to-month,Yes,Bank transfer (automatic),48.78,1812.42,0
9634-EKOCZ,Male,0,No,No,5,Yes,Yes,DSL,Yes,No,No,No,Yes,No,Two year,Yes,Electronic check,23.58,152.63,1
5723-VNKSW,Female,0,No,No,48,Yes,Yes,Fiber optic,No,No,No,Yes,No,No,Month-to-month,No,Electronic check,28.51,1334.45,1
4671-YOZHS,Male,0,No,No,59,Yes,No,No,No internet service,No internet service,No internet service,No internet service,No internet service,No internet service,Month-to-month,Yes,Credit card (automatic),51.69,3112.65,0
7968-VIOEW,Male,0,No,No,51,Yes,No,Fiber optic,Yes,No,Yes,No,No,No,Two year,Yes,Bank transfer (automatic),86.35,4341.73,0
2872-SLDPY,Female,0,No,No,38,No,No phone service,Fiber optic,Yes,No,No,No,Yes,No,Two year,No,Electronic check,39.01,1470.08,0
8411-HNDTN,Female,0,No,Yes,20,Yes,Yes,Fiber optic,No,No,Yes,No,Yes,Yes,Two year,Yes,Credit card (automatic),78.03,1456.85,0
9755-AUTHS,Male,0,No,Yes,19,Yes,No,Fiber optic,No,Yes,No,Yes,No,No,Two year,Yes,Credit card (automatic),112.4,2266.35,0
8381-IKUOC,Female,0,No,No,40,No,No phone service,Fiber optic,No,No,No,No,No,No,Two year,No,Bank transfer (automatic),66.95,2669.11,0
2491-PTRDP,Male,0,Yes,Yes,42,Yes,Yes,DSL,No,No,No,No,No,No,Month-to-month,Yes,Bank transfer (automatic),103.16,4337.96,0
7785-GNPOG,Female,0,Yes,No,70,Yes,Yes,Fiber optic,No,No,No,Yes,Yes,Yes,One year,No,Bank transfer (automatic),27.89,2098.13,1
6147-OLKRX,Female,0,No,Yes,26,Yes,No,No,No internet service,No internet service,No internet service,No internet service,No internet service,No internet service,One year,No,Electronic check,71.29,1909.41,0
8799-HYENR,Male,0,No,No,15,Yes,Yes,DSL,No,No,No,Yes,Yes,No,One year,No,Electronic check,106.48,1676.83,0
2903-ATTJB,Female,0,Yes,No,1,Yes,Yes,DSL,No,Yes,Yes,Yes,No,Yes,Month-to-month,Yes,Electronic check,22.68,64.19,1
9923-TYQMR,Male,1,Yes,No,6,Yes,Yes,Fiber optic,No,No,No,No,No,Yes,Two year,Yes,Electronic check,70.58,170.87,1
1833-KOCXP,Male,0,Yes,No,25,Yes,No,Fiber optic,No,No,No,No,No,Yes,Month-to-month,Yes,Credit card (automatic),33.92,985.95,1
8973-OLFAY,Female,0,Yes,No,12,Yes,Yes,DSL,No,No,No,No,Yes,No,Two year,Yes,Mailed check,116.08,1403.41,1
8400-SLIGN,Female,0,No,No,57,Yes,Yes,No,No internet service,No internet service,No internet service,No internet service,No internet service,No internet service,One year,No,Mailed check,19.89,977.1,0
5106-XAZJM,Male,0,Yes,No,61,Yes,No,Fiber optic,No,Yes,No,Yes,Yes,No,Two year,No,Credit card (automatic),110.98,6633.98,1
1904-VULWA,Female,0,No,Yes,72,Yes,No,Fiber optic,Yes,Yes,Yes,No,No,No,Month-to-month,Yes,Credit card (automatic),89.35,6399.47,0
8844-KTCUO,Female,0,No,No,21,Yes,No,No,No internet service,No internet service,No internet service,No internet service,No internet service,No internet service,One year,Yes,Electronic check,111.02,2288.57,1
5918-CAGIB,Female,0,No,No,54,Yes,No,Fiber optic,No,Yes,No,Yes,Yes,No,Two year,Yes,Credit card (automatic),50.24,2785.67,1
3871-JICWI,Male,0,No,No,62,Yes,No,Fiber optic,No,No,No,No,No,Yes,Month-to-month,No,Credit card (automatic),48.16,2979.58,1
5150-SFGAA,Male,0,No,No,35,No,No phone service,DSL,Yes,Yes,Yes,Yes,Yes,Yes,Month-to-month,No,Electronic check,74.25,2642.6,0
4577-GOAWU,Male,0,No,No,23,Yes,No,No,No internet service,No internet service,No internet service,No internet service,No internet service,No internet service,Month-to-month,No,Electronic check,88.81,1968.75,1
8632-KHAMU,Female,0,No,No,31,Yes,No,No,No internet service,No internet service,No internet service,No internet service,No internet service,No internet service,Month-to-month,Yes,Credit card (automatic),29.99,960.82,0
5473-ZUTJV,Male,0,No,No,37,Yes,No,DSL,Yes,No,Yes,No,Yes,Yes,Two year,Yes,Electronic check,93.03,3557.07,1
8061-IEHKA,Female,0,No,Yes,16,Yes,No,Fiber optic,Yes,No,No,No,No,Yes,Month-to-month,Yes,Electronic check,96.5,1449.49,1
9652-UHHDO,Male,0,Yes,No,40,Yes,No,No,No internet service,No internet service,No internet service,No internet service,No internet service,No internet service,Month-to-month,Yes,Credit card (automatic),102.29,4144.4,1
8776-OPWGZ,Female,0,Yes,No,66,Yes,No,Fiber optic,No,No,No,No,No,No,Month-to-month,Yes,Bank transfer (automatic),106.95,6938.85,1
3933-TESVS,Male,0,No,No,21,Yes,No,DSL,Yes,Yes,Yes,No,Yes,No,One year,Yes,Electronic check,91.21,2032.98,1
4839-WKMZB,Female,0,No,No,31,Yes,No,No,No internet service,No internet service,No internet service,No internet service,No internet service,No internet service,One year,No,Mailed check,59.66,1700.52,0
7754-LSGSD,Male,1,No,No,48,Yes,No,No,No internet service,No internet service,No internet service,No internet service,No internet service,No internet service,Two year,No,Electronic check,74.62,3656.98,1
6405-EVLFF,Female,0,No,Yes,14,Yes,Yes,No,No internet service,No internet service,No internet service,No internet service,No internet service,No internet service,Month-to-month,Yes,Bank transfer (automatic),107.98,1359.59,1
6985-MQADR,Female,0,No,No,21,Yes,No,Fiber optic,No,No,No,No,Yes,No,Month-to-month,No,Bank transfer (automatic),32.27,693.91,1
6137-LSHAN,Male,0,No,No,22,No,No phone service,DSL,Yes,Yes,No,No,No,Yes,Month-to-month,No,Mailed check,102.63,2296.72,0
8951-XTHXC,Female,1,Yes,No,47,No,No phone service,DSL,No,No,Yes,No,No,No,Month-to-month,Yes,Mailed check,91.75,4463.5,0
2812-ROFYS,Female,0,No,No,38,Yes,Yes,Fiber optic,No,No,Yes,No,Yes,Yes,Month-to-month,No,Mailed check,83.13,3170.45,1
8523-ZCLWL,Female,0,No,No,23,No,No phone service,DSL,No,No,Yes,Yes,Yes,Yes,Two year,Yes,Bank transfer (automatic),69.71,1749.16,0
5380-DOCVQ,Female,0,No,Yes,32,Yes,Yes,Fiber optic,No,Yes,No,No,Yes,Yes,Month-to-month,No,Mailed check,75.92,2491.59,1
3779-LTQNN,Female,0,Yes,No,41,Yes,Yes,Fiber optic,Yes,Yes,No,No,No,No,Month-to-month,Yes,Electronic check,89.89,3789.54,1
4715-VKBLL,Male,0,Yes,No,22,Yes,No,Fiber optic,No,Yes,No,No,Yes,Yes,Month-to-month,Yes,Credit card (automatic),58.62,1246.41,1
1009-EWJLB,Female,0,Yes,Yes,35,Yes,No,Fiber optic,Yes,No,Yes,No,No,No,Two year,No,Electronic check,109.93,3837.25,0
2280-YZDIG,Female,0,Yes,Yes,3,Yes,Yes,Fiber optic,Yes,No,No,No,Yes,No,Two year,No,Electronic check,67.59,243.05,1
1289-FDCGG,Male,0,Yes,No,38,Yes,No,Fiber optic,Yes,No,No,No,No,Yes,Month-to-month,No,Electronic check,51.74,1916.25,1
1079-AIUGK,Male,0,No,Yes,2,Yes,No,DSL,No,Yes,No,Yes,No,Yes,Month-to-month,No,Credit card (automatic),88.74,64.39,1
1009-XZYJH,Female,0,Yes,No,3,Yes,Yes,DSL,Yes,No,Yes,No,No,Yes,Month-to-month,No,Electronic check,33.46,90.67,1
3516-DLHWW,Female,0,No,No,26,No,No phone service,DSL,No,No,No,No,No,Yes,Month-to-month,No,Credit card (automatic),107.59,2852.22,0
8141-LBTID,Female,0,No,No,48,Yes,Yes,DSL,Yes,Yes,No,Yes,No,No,Month-to-month,No,Electronic check,68.89,3391.71,1
2785-GXBYW,Female,1,Yes,Yes,2,Yes,Yes,Fiber optic,No,Yes,No,No,Yes,Yes,Month-to-month,Yes,Mailed check,54.16,111.72,1
9435-ZFWYJ,Male,0,No,No,45,Yes,Yes,Fiber optic,No,Yes,No,No,Yes,Yes,Month-to-month,No,Mailed check,34.15,1501.88,1
6608-WOIXU,Female,0,No,No,16,Yes,No,No,No internet service,No internet service,No internet service,No internet service,No internet service,No internet service,Month-to-month,Yes,Credit card (automatic),68.94,1226.31,1
7900-RLEIT,Female,1,No,No,63,Yes,Yes,DSL,No,Yes,No,Yes,Yes,No,Two year,No,Bank transfer (automatic),23.1,1495.18,0
9526-WXDYA,Male,0,Yes,No,53,Yes,Yes,Fiber optic,Yes,No,No,No,No,No,Month-to-month,Yes,Credit card (automatic),62.93,3282.83,1
9963-IMROJ,Female,0,Yes,No,68,Yes,No,Fiber optic,No,Yes,No,No,Yes,Yes,Month-to-month,Yes,Electronic check,35.5,2285.49,1
7861-OJXIL,Male,0,Yes,No,64,Yes,No,Fiber optic,No,Yes,No,No,Yes,Yes,Two year,No,Electronic check,60.14,3738.05,0
2884-ONBTR,Female,0,No,No,63,Yes,No,DSL,No,Yes,No,Yes,Yes,Yes,One year,Yes,Credit card (automatic),111.29,6947.68,1
9177-AKCHE,Male,0,No,No,2,Yes,Yes,No,No internet service,No internet service,No internet service,No internet service,No internet service,No internet service,One year,Yes,Credit card (automatic),87.31,125.38,0
4171-PYRME,Female,0,No,Yes,72,Yes,Yes,Fiber optic,No,Yes,Yes,No,Yes,No,Month-to-month,No,Bank transfer (automatic),76.99,5605.37,1
6247-MNCKC,Male,0,Yes,No,47,Yes,Yes,No,No internet service,No internet service,No internet service,No internet service,No internet service,No internet service,Month-to-month,No,Mailed check,62.31,3056.4,1
2432-GHWPK,Female,0,No,No,32,Yes,Yes,DSL,Yes,No,Yes,No,Yes,Yes,One year,No,Electronic check,96.19,3045.15,1
5175-KLSQX,Male,1,No,No,17,Yes,Yes,Fiber optic,No,Yes,No,No,Yes,Yes,Two year,Yes,Electronic check,95.51,1529.16,1
8857-ERCCV,Male,0,No,No,7,Yes,Yes,Fiber optic,Yes,No,No,No,Yes,Yes,Two year,No,Electronic check,67.71,681.04,1
3236-QLACN,Male,0,No,Yes,4,Yes,No,Fiber optic,No,Yes,No,Yes,No,Yes,Month-to-month,No,Mailed check,45.81,250.23,1
9936-HCURN,Male,0,Yes,Yes,21,Yes,Yes,No,No internet service,No internet service,No internet service,No internet service,No internet service,No internet service,Month-to-month,No,Mailed check,119.11,2458.82,0
7360-QXXGM,Male,0,No,No,15,Yes,No,Fiber optic,No,Yes,No,No,Yes,No,One year,No,Credit card (automatic),57.7,834.54,1
1410-NSWXE,Male,0,No,No,24,Yes,No,Fiber optic,No,Yes,No,Yes,No,No,Month-to-month,Yes,Mailed check,103.14,2580.12,1
7731-YNOPV,Male,0,No,No,1,Yes,No,Fiber optic,No,Yes,Yes,No,Yes,Yes,Month-to-month,Yes,Electronic check,23.69,0,1
9463-WJJBI,Female,0,No,No,42,Yes,No,No,No internet service,No internet service,No internet service,No internet service,No internet service,No internet service,Two year,Yes,Electronic check,25.06,1115.3,0
6214-IHCPN,Female,0,No,No,9,Yes,No,DSL,No,Yes,No,No,No,Yes,One year,No,Bank transfer (automatic),81.14,662.34,1
7852-JYBIK,Male,1,No,No,69,Yes,Yes,No,No internet service,No internet service,No internet service,No internet service,No internet service,No internet service,Month-to-month,No,Electronic check,101.66,6969.87,1
9352-RNVUA,Male,0,Yes,No,9,Yes,Yes,Fiber optic,No,No,No,No,Yes,No,Month-to-month,Yes,Electronic check,118.44,1033.11,1
8826-RYFBS,Female,1,Yes,Yes,10,Yes,No,No,No internet service,No internet service,No internet service,No internet service,No internet service,No internet service,Two year,No,Mailed check,73.01,734.12,0
4606-SRSKC,Female,0,Yes,No,55,Yes,Yes,No,No internet service,No internet service,No internet service,No internet service,No internet service,No internet service,Two year,No,Bank transfer (automatic),25.82,1443.98,0
9262-CALOK,Female,0,No,No,53,Yes,No,No,No internet service,No internet service,No internet service,No internet service,No internet service,No internet service,Two year,No,Bank transfer (automatic),54.47,2984.12,0
4681-KNVON,Female,1,Yes,Yes,7,Yes,Yes,Fiber optic,Yes,No,No,No,Yes,Yes,Month-to-month,Yes,Electronic check,119.5,1036.74,1
2707-ZFWDW,Female,0,No,No,47,Yes,Yes,No,No internet service,No internet service,No internet service,No internet service,No internet service,No internet service,One year,Yes,Mailed check,106.65,4998.29,0
4239-LVXSZ,Female,0,Yes,No,24,Yes,No,Fiber optic,No,No,No,Yes,Yes,No,Month-to-month,No,Electronic check,46.91,1039.14,1
9779-WUXDL,Male,1,No,No,66,Yes,No,DSL,No,No,No,No,No,No,Two year,Yes,Credit card (automatic),113.89,7463.87,0
5540-IUDQY,Female,1,Yes,No,67,Yes,No,DSL,No,Yes,No,No,No,Yes,Two year,Yes,Electronic check,44.61,3009.86,0
5348-UTWQF,Female,0,Yes,No,64,Yes,No,No,No internet service,No internet service,No internet service,No internet service,No internet service,No internet service,Two year,No,Credit card (automatic),115.85,7312.73,0
5464-OFNNY,Female,0,Yes,No,67,Yes,Yes,No,No internet service,No internet service,No internet service,No internet service,No internet service,No internet service,One year,Yes,Electronic check,84.79,5595.78,1
4022-YVRLW,Female,0,Yes,No,62,Yes,Yes,Fiber optic,No,No,No,Yes,Yes,No,Month-to-month,No,Mailed check,20.26,1237.48,0
8503-YJNFT,Female,0,Yes,Yes,23,Yes,Yes,Fiber optic,No,Yes,No,No,No,Yes,Month-to-month,No,Bank transfer (automatic),112.25,2697.74,1
8170-FLLUH,Male,0,No,No,7,Yes,Yes,No,No internet service,No internet service,No internet service,No internet service,No internet service,No internet service,Two year,Yes,Mailed check,96.1,644.21,0
7266-FMOKJ,Male,0,Yes,No,52,Yes,Yes,DSL,No,Yes,Yes,Yes,No,Yes,Month-to-month,No,Mailed check,66.1,3432.41,0
2198-XRNXP,Female,0,No,No,30,Yes,No,No,No internet service,No internet service,No internet service,No internet service,No internet service,No internet service,One year,Yes,Electronic check,72.69,1971.77,1
6263-SCVTD,Male,1,No,No,64,Yes,No,No,No internet service,No internet service,No internet service,No internet service,No internet service,No internet service,Month-to-month,No,Electronic check,19.73,1215.72,1
1612-PKEDF,Female,0,Yes,No,64,Yes,Yes,No,No internet service,No internet service,No internet service,No internet service,No internet service,No internet service,Month-to-month,No,Credit card (automatic),55.31,3638.66,1
9555-XEVJN,Male,1,No,No,22,Yes,No,Fiber optic,No,No,No,No,No,No,One year,Yes,Electronic check,30.96,729.39,0
8368-VVKND,Female,1,Yes,No,3,Yes,No,Fiber optic,Yes,No,No,No,Yes,No,One year,Yes,Electronic check,21.26,189.17,1
8890-EJIMS,Female,0,No,No,58,No,No phone service,DSL,No,Yes,Yes,No,Yes,Yes,Month-to-month,Yes,Bank transfer (automatic),30.53,1681.04,0
1278-MEUIY,Female,0,No,No,59,Yes,No,Fiber optic,No,No,No,Yes,No,Yes,Month-to-month,No,Credit card (automatic),71.0,4257.25,0
6061-CROHR,Female,0,Yes,No,3,Yes,No,Fiber optic,No,No,No,No,No,Yes,One year,No,Electronic check,60.3,271.42,1
1722-CFDXM,Female,0,No,No,40,Yes,Yes,DSL,No,Yes,No,No,No,Yes,Month-to-month,Yes,Electronic check,95.03,3672.66,1
5780-UASSW,Male,0,No,Yes,27,Yes,No,No,No internet service,No internet service,No internet service,No internet service,No internet service,No internet service,One year,Yes,Credit card (automatic),19.55,600.37,0
8148-WNGNO,Female,0,Yes,No,3,Yes,No,DSL,No,Yes,Yes,No,No,No,Month-to-month,Yes,Electronic check,108.49,457.09,1
6680-POWCT,Female,0,No,No,43,Yes,Yes,Fiber optic,No,No,No,No,No,Yes,Month-to-month,Yes,Electronic check,94.68,4064.98,1
9039-DBNBB,Male,0,Yes,No,26,Yes,Yes,No,No internet service,No internet service,No internet service,No internet service,No internet service,No internet service,One year,Yes,Bank transfer (automatic),109.47,2786.04,0
3902-QJCYB,Male,0,No,No,38,Yes,No,Fiber optic,No,No,No,Yes,Yes,Yes,Month-to-month,No,Electronic check,61.18,2243.69,1
6032-QNGVS,Male,0,No,No,28,Yes,No,DSL,No,Yes,Yes,Yes,Yes,No,One year,No,Credit card (automatic),33.68,837.45,0
5474-FWLDM,Female,0,No,No,43,Yes,No,Fiber optic,No,No,No,Yes,Yes,Yes,Month-to-month,Yes,Mailed check,57.37,2607.05,1
4358-RINEK,Male,1,No,No,60,Yes,No,Fiber optic,No,No,No,No,No,Yes,Month-to-month,Yes,Bank transfer (automatic),66.31,3824.08,1
4190-TIWEG,Male,0,No,Yes,4,Yes,No,No,No internet service,No internet service,No internet service,No internet service,No internet service,No internet service,Month-to-month,Yes,Bank transfer (automatic),18.45,167.88,1
6420-YAFIH,Male,0,Yes,No,24,Yes,No,Fiber optic,Yes,No,No,Yes,No,No,Month-to-month,No,Credit card (automatic),77.67,2035.43,1
9221-OFWUP,Female,0,No,Yes,28,Yes,No,Fiber optic,No,Yes,No,Yes,Yes,Yes,One year,No,Mailed check,43.94,1476.11,0
2499-TOUMV,Female,0,No,Yes,70,Yes,No,Fiber optic,Yes,No,No,No,Yes,No,Month-to-month,No,Credit card (automatic),80.22,5685.49,1
1571-WGHGU,Female,0,Yes,Yes,6,Yes,No,No,No internet service,No internet service,No internet service,No internet service,No internet service,No internet service,One year,No,Electronic check,27.27,182.06,1
6685-DUOJW,Female,1,Yes,Yes,56,Yes,No,Fiber optic,No,No,Yes,No,No,No,Two year,Yes,Electronic check,111.69,6255.27,1
9445-CPYCY,Male,0,No,No,54,Yes,No,DSL,Yes,No,No,Yes,Yes,Yes,Two year,No,Mailed check,43.36,2392.02,1
2160-NIDTO,Female,0,Yes,Yes,46,Yes,Yes,DSL,No,Yes,No,No,No,Yes,Two year,Yes,Electronic check,84.13,3816.82,0
5092-PNONU,Female,0,No,Yes,23,Yes,No,No,No internet service,No internet service,No internet service,No internet service,No internet service,No internet service,Month-to-month,Yes,Credit card (automatic),84.48,2109.52,1
4794-AXQKR,Female,0,Yes,No,59,Yes,No,No,No internet service,No internet service,No internet service,No internet service,No internet service,No internet service,One year,Yes,Credit card (automatic),27.75,1638.21,0
7342-UJZLX,Male,0,No,Yes,20,Yes,Yes,DSL,Yes,No,Yes,Yes,Yes,No,One year,Yes,Electronic check,100.77,2087.4,1
6448-NSGPP,Male,0,Yes,No,22,Yes,Yes,DSL,Yes,No,Yes,No,No,No,One year,Yes,Electronic check,83.28,1971.45,1
8659-YQLPM,Female,0,Yes,Yes,18,No,No phone service,Fiber optic,No,Yes,No,No,Yes,Yes,Month-to-month,No,Credit card (automatic),80.5,1584.58,1
8881-XAUYD,Male,0,No,No,32,Yes,No,DSL,Yes,Yes,Yes,No,Yes,No,One year,Yes,Bank transfer (automatic),83.03,2549.15,0
8514-HWOOS,Female,0,Yes,No,3,Yes,No,Fiber optic,No,No,Yes,No,No,No,Month-to-month,Yes,Mailed check,113.91,588.81,1
3945-FNKDX,Male,1,Yes,No,59,Yes,No,Fiber optic,No,No,Yes,Yes,Yes,Yes,Month-to-month,No,Credit card (automatic),21.25,1403.54,1
5985-CJRTI,Female,0,Yes,Yes,36,Yes,Yes,DSL,No,No,Yes,Yes,Yes,Yes,Month-to-month,No,Credit card (automatic),54.67,2115.32,1
1093-SGECY,Female,0,No,No,19,No,No phone service,Fiber optic,Yes,No,No,Yes,Yes,No,One year,No,Bank transfer (automatic),24.44,502.7,1
5392-UYJXW,Female,0,No,Yes,64,No,No phone service,No,No internet service,No internet service,No internet service,No internet service,No internet service,No internet service,One year,No,Bank transfer (automatic),102.09,6571.01,0
4390-YAITC,Female,0,Yes,No,25,No,No phone service,Fiber optic,No,No,No,No,No,No,Two year,Yes,Electronic check,55.05,1474.6,0
9031-FWNWC,Male,0,Yes,No,58,Yes,Yes,Fiber optic,Yes,Yes,No,No,No,Yes,Month-to-month,No,Bank transfer (automatic),60.38,3582.09,0
1049-PISVE,Male,0,No,No,8,Yes,No,DSL,Yes,No,Yes,Yes,Yes,No,One year,No,Electronic check,74.04,607.85,1
3504-UXBVC,Male,0,Yes,No,31,Yes,Yes,DSL,Yes,No,No,No,Yes,Yes,Two year,No,Credit card (automatic),97.42,3079.27,1
3758-LOHQE,Male,0,Yes,Yes,50,Yes,No,Fiber optic,No,No,No,Yes,Yes,Yes,Month-to-month,No,Electronic check,64.15,2983.2,1
1354-SKPFX,Male,0,Yes,No,7,Yes,No,No,No internet service,No internet service,No internet service,No internet service,No internet service,No internet service,Month-to-month,Yes,Credit card (automatic),46.26,308.68,1
3646-TKGZP,Male,0,No,No,13,Yes,Yes,DSL,No,Yes,No,No,No,No,Month-to-month,Yes,Bank transfer (automatic),89.62,1369.71,1
2590-UPXWY,Female,0,No,No,16,Yes,No,Fiber optic,No,No,No,No,No,No,One year,No,Credit card (automatic),61.2,1009.16,1
7260-EKWKM,Female,0,No,No,65,Yes,No,DSL,No,No,No,No,No,Yes,One year,No,Electronic check,111.5,7254.83,1
6047-HUPDF,Male,0,No,Yes,61,No,No phone service,No,No internet service,No internet service,No internet service,No internet service,No internet service,No internet service,Month-to-month,Yes,Bank transfer (automatic),79.51,4731.25,1
1674-WRTZI,Male,0,No,Yes,64,Yes,Yes,Fiber optic,No,No,No,No,Yes,Yes,Month-to-month,Yes,Mailed check,38.7,2416.18,0
8358-PPZBP,Female,0,Yes,Yes,47,No,No phone service,DSL,Yes,Yes,Yes,No,Yes,Yes,One year,Yes,Mailed check,62.15,2887.84,0
8694-XQDVY,Female,0,Yes,Yes,12,No,No phone service,No,No internet service,No internet service,No internet service,No internet service,No internet service,No internet service,Month-to-month,No,Electronic check,71.78,784.57,1
5015-ZSIQV,Female,1,No,No,5,Yes,No,Fiber optic,No,No,No,No,Yes,No,Month-to-month,No,Electronic check,90.84,573.63,1
2665-SLYTD,Female,0,No,No,1,Yes,Yes,Fiber optic,No,Yes,No,No,No,Yes,Month-to-month,No,Mailed check,70.05,81.57,1
2139-YXMSQ,Female,0,Yes,No,58,Yes,No,Fiber optic,No,No,No,No,No,Yes,Month-to-month,Yes,Electronic check,20.52,1204.57,1
4499-WCDJI,Male,0,Yes,Yes,53,Yes,No,Fiber optic,No,No,Yes,No,No,No,Two year,Yes,Electronic check,29.47,1508.03,0
9240-TAVRO,Female,0,No,No,12,Yes,No,Fiber optic,Yes,Yes,No,No,Yes,No,Month-to-month,Yes,Mailed check,69.75,956.04,0
7572-LOZYC,Female,0,Yes,No,61,No,No phone service,Fiber optic,No,No,Yes,Yes,No,Yes,Month-to-month,Yes,Credit card (automatic),96.81,5896.35,1
1492-CKPAS,Female,0,Yes,Yes,54,Yes,Yes,Fiber optic,No,No,No,Yes,Yes,No,One year,No,Electronic check,26.34,1281.82,1
8944-LJJRL,Male,0,Yes,No,30,Yes,Yes,Fiber optic,No,No,No,No,Yes,No,One year,No,Credit card (automatic),35.0,921.81,0
6928-CZIQN,Male,0,No,No,53,Yes,No,No,No internet service,No internet service,No internet service,No internet service,No internet service,No internet service,Two year,Yes,Mailed check,28.95,1727.54,0
2048-MUBHU,Male,0,No,Yes,37,Yes,No,No,No internet service,No internet service,No internet service,No internet service,No internet service,No internet service,One year,No,Mailed check,115.75,4174.29,0
5656-UHKTR,Male,1,Yes,No,49,Yes,Yes,Fiber optic,No,Yes,No,No,No,Yes,Month-to-month,Yes,Credit card (automatic),66.98,3395.61,1
1561-HYRYW,Male,1,Yes,No,22,Yes,Yes,DSL,Yes,No,No,Yes,No,No,Month-to-month,Yes,Electronic check,106.77,2364.24,1
1832-ZLYBO,Female,0,No,Yes,3,No,No phone service,Fiber optic,No,No,No,No,No,Yes,One year,Yes,Electronic check,62.17,249.01,1
8764-GDLZQ,Female,1,No,No,5,Yes,No,Fiber optic,No,No,Yes,No,Yes,No,Two year,Yes,Electronic check,44.23,256.92,1
9359-WJJWC,Female,0,Yes,No,21,Yes,Yes,No,No internet service,No internet service,No internet service,No internet service,No internet service,No internet service,One year,No,Credit card (automatic),24.64,581.68,1
9880-CJENZ,Male,1,Yes,Yes,61,Yes,No,No,No internet service,No internet service,No internet service,No internet service,No internet service,No internet service,Month-to-month,No,Mailed check,100.37,6156.39,0
5911-HFVTB,Male,1,Yes,Yes,17,Yes,No,Fiber optic,No,No,No,No,No,No,Month-to-month,No,Bank transfer (automatic),46.2,668.86,1
8083-CTZVL,Female,0,Yes,Yes,17,Yes,Yes,No,No internet service,No internet service,No internet service,No internet service,No internet service,No internet service,Month-to-month,Yes,Credit card (automatic),117.5,1892.76,1
4240-BSPKL,Male,0,Yes,No,17,Yes,Yes,Fiber optic,Yes,No,No,No,Yes,No,Two year,No,Electronic check,69.83,1005.19,1
1315-VVNSM,Male,0,No,No,37,Yes,No,No,No internet service,No internet service,No internet service,No internet service,No internet service,No internet service,Month-to-month,No,Bank transfer (automatic),61.7,2416.62,1
6039-BHKRC,Female,0,No,No,16,Yes,No,No,No internet service,No internet service,No internet service,No internet service,No internet service,No internet service,Two year,Yes,Mailed check,85.31,1317.81,0
5558-TROSW,Male,0,Yes,Yes,39,Yes,No,Fiber optic,Yes,No,Yes,No,Yes,Yes,One year,No,Credit card (automatic),83.6,3239.67,0
1643-KVZDA,Male,1,Yes,No,61,Yes,No,Fiber optic,No,No,No,No,Yes,No,Month-to-month,Yes,Electronic check,100.77,6050.85,1
8479-AZDOT,Female,1,Yes,No,49,Yes,Yes,No,No internet service,No internet service,No internet service,No internet service,No internet service,No internet service,Month-to-month,Yes,Credit card (automatic),110.89,5420.01,1
8799-EBTYD,Female,1,No,Yes,20,Yes,No,Fiber optic,No,No,No,No,Yes,No,Two year,No,Bank transfer (automatic),61.19,1420.9,1
2137-EGKZK,Male,0,Yes,Yes,56,No,No phone service,No,No internet service,No internet service,No internet service,No internet service,No internet service,No internet service,Month-to-month,Yes,Mailed check,88.84,4999.99,1
6022-HLZYD,Female,0,Yes,Yes,13,Yes,Yes,Fiber optic,No,No,No,No,No,No,Two year,No,Electronic check,92.85,1185.9,0
1587-ZPUXZ,Male,0,Yes,Yes,59,Yes,No,DSL,Yes,No,Yes,Yes,No,No,Two year,No,Credit card (automatic),107.98,6269.25,1
2876-FADKL,Male,1,No,No,62,Yes,Yes,Fiber optic,No,Yes,No,No,Yes,Yes,Month-to-month,Yes,Electronic check,73.66,4409.91,1
8345-SHWFE,Female,1,Yes,No,18,Yes,Yes,Fiber optic,No,No,No,No,No,Yes,Two year,No,Mailed check,98.89,1789.81,1
2615-JYQGM,Female,0,Yes,No,68,Yes,Yes,No,No internet service,No internet service,No internet service,No internet service,No internet service,No internet service,One year,Yes,Bank transfer (automatic),117.83,7931.17,1
5561-GXTFK,Female,0,Yes,Yes,37,Yes,No,No,No internet service,No internet service,No internet service,No internet service,No internet service,No internet service,Month-to-month,No,Bank transfer (automatic),77.28,2813.96,1
8426-VFBWL,Female,1,Yes,Yes,41,Yes,No,Fiber optic,Yes,Yes,No,No,No,Yes,Two year,Yes,Credit card (automatic),38.17,1589.3,1
1559-YHMUA,Female,0,Yes,No,40,Yes,No,Fiber optic,No,Yes,Yes,No,No,No,Two year,No,Credit card (automatic),39.25,1637.97,1
3934-ELGCG,Female,0,Yes,No,34,Yes,Yes,Fiber optic,No,Yes,No,Yes,No,Yes,Month-to-month,No,Electronic check,44.26,1477.46,1
6257-SJPMP,Male,0,No,Yes,46,Yes,Yes,DSL,Yes,No,No,No,Yes,Yes,Month-to-month,No,Electronic check,24.7,1112.59,1
8793-RPKBN,Female,1,No,Yes,45,Yes,No,Fiber optic,No,No,No,No,No,Yes,Month-to-month,Yes,Mailed check,24.1,1172.62,1
3040-DTJAN,Female,0,Yes,No,16,Yes,Yes,No,No internet service,No internet service,No internet service,No internet service,No internet service,No internet service,Two year,Yes,Mailed check,109.39,1697.81,0
5335-ZHIIB,Male,1,No,Yes,26,Yes,No,No,No internet service,No internet service,No internet service,No internet service,No internet service,No internet service,Month-to-month,No,Electronic check,55.52,1629.77,1
3460-BAIIW,Female,0,Yes,Yes,29,No,No phone service,DSL,Yes,No,No,No,Yes,No,Two year,No,Bank transfer (automatic),38.45,1178.44,0
5183-LMVKE,Female,0,Yes,No,71,Yes,No,DSL,Yes,Yes,Yes,No,Yes,No,Month-to-month,No,Electronic check,43.06,3056.26,0
8147-CJNVN,Female,0,Yes,No,58,Yes,No,Fiber optic,No,Yes,Yes,No,No,Yes,Two year,Yes,Mailed check,99.42,5828.5,0
2051-BFWES,Female,0,No,No,52,Yes,Yes,Fiber optic,Yes,No,No,No,Yes,Yes,Two year,No,Credit card (automatic),101.83,5158.8,0
3594-BPDBL,Male,0,No,No,2,Yes,Yes,No,No internet service,No internet service,No internet service,No internet service,No internet service,No internet service,Month-to-month,No,Credit card (automatic),106.34,341.04,1
1038-QLIOR,Male,0,No,No,52,Yes,No,Fiber optic,Yes,Yes,Yes,No,Yes,No,Month-to-month,No,Credit card (automatic),76.22,3963.16,0
4256-TKGYQ,Female,0,Yes,No,61,Yes,No,Fiber optic,No,No,No,No,Yes,Yes,Two year,Yes,Credit card (automatic),80.89,4826.23,1
1529-QFGFY,Female,0,No,No,62,No,No phone service,No,No internet service,No internet service,No internet service,No internet service,No internet service,No internet service,Month-to-month,Yes,Mailed check,89.86,5531.42,1
5552-LVZIT,Male,0,No,Yes,62,Yes,No,DSL,No,No,Yes,No,Yes,No,Month-to-month,No,Mailed check,32.51,2012.38,0
1540-SWCKW,Male,0,No,Yes,54,Yes,Yes,No,No internet service,No internet service,No internet service,No internet service,No internet service,No internet service,Month-to-month,Yes,Electronic check,80.53,4292.92,1
4577-FQVQM,Male,1,Yes,No,16,Yes,Yes,Fiber optic,No,No,Yes,No,No,No,Month-to-month,Yes,Electronic check,86.37,1529.12,1
3990-HVICV,Female,0,No,No,5,Yes,No,Fiber optic,Yes,No,No,No,No,Yes,Month-to-month,Yes,Bank transfer (automatic),87.33,330.3,1
4845-YVNCQ,Male,0,Yes,No,40,Yes,Yes,Fiber optic,No,No,No,No,No,Yes,Two year,Yes,Mailed check,86.41,3366.9,0
7436-ECCTW,Female,0,No,No,52,Yes,No,DSL,No,Yes,Yes,No,No,No,Month-to-month,Yes,Mailed check,38.73,1979.85,1
7822-WVRZL,Female,0,No,No,24,Yes,Yes,No,No internet service,No internet service,No internet service,No internet service,No internet service,No internet service,One year,Yes,Credit card (automatic),27.67,594.29,0
7451-NZHBH,Male,0,No,No,66,Yes,No,No,No internet service,No internet service,No internet service,No internet service,No internet service,No internet service,Month-to-month,Yes,Electronic check,27.29,1815.1,0
4812-TBVPR,Female,0,Yes,Yes,6,Yes,No,DSL,No,Yes,No,No,No,Yes,Two year,Yes,Credit card (automatic),23.62,93.04,1
7622-NQEBT,Female,0,Yes,No,22,Yes,No,Fiber optic,No,No,Yes,No,No,No,Month-to-month,Yes,Bank transfer (automatic),112.66,2672.07,1
9160-DXJTR,Female,0,No,No,52,Yes,No,No,No internet service,No internet service,No internet service,No internet service,No internet service,No internet service,Month-to-month,No,Electronic check,106.15,5564.11,1
7645-QRFSD,Male,0,Yes,Yes,20,Yes,No,DSL,No,No,No,No,Yes,No,Month-to-month,No,Credit card (automatic),38.57,901.11,1
2656-KCWQG,Male,0,No,No,42,Yes,No,No,No internet service,No internet service,No internet service,No internet service,No internet service,No internet service,Month-to-month,Yes,Electronic check,99.54,4134.49,1
9819-YOZHJ,Male,0,Yes,No,40,Yes,Yes,DSL,No,Yes,Yes,No,No,No,Two year,No,Electronic check,36.87,1537.0,0
9116-LKMOY,Male,0,No,Yes,9,Yes,No,Fiber optic,No,No,No,No,Yes,Yes,Month-to-month,No,Credit card (automatic),50.85,526.08,1
2670-LZSZO,Male,0,No,No,31,Yes,No,Fiber optic,No,No,No,Yes,Yes,No,One year,Yes,Bank transfer (automatic),21.14,645.97,1
9793-HVTYP,Female,1,No,Yes,18,Yes,No,No,No internet service,No internet service,No internet service,No internet service,No internet service,No internet service,Month-to-month,Yes,Electronic check,106.86,1891.22,1
1408-MISGQ,Male,0,Yes,No,38,Yes,No,DSL,Yes,Yes,Yes,Yes,No,Yes,Month-to-month,Yes,Mailed check,34.9,1203.08,1
3425-DWXNV,Male,0,Yes,Yes,36,Yes,No,DSL,Yes,Yes,Yes,Yes,No,No,Two year,No,Credit card (automatic),103.95,3693.13,1
5358-OYFKT,Female,0,Yes,Yes,60,Yes,No,Fiber optic,No,No,No,No,No,No,One year,No,Electronic check,34.85,2018.04,1
7749-JJWCA,Female,0,Yes,No,23,Yes,Yes,DSL,Yes,No,No,No,No,No,One year,No,Credit card (automatic),34.74,736.97,0
5568-GUWXY,Male,0,No,No,10,Yes,No,No,No internet service,No internet service,No internet service,No internet service,No internet service,No internet service,Month-to-month,No,Bank transfer (automatic),19.37,361.63,1
9632-MRPPY,Male,1,Yes,No,4,Yes,No,Fiber optic,No,No,No,No,No,Yes,Two year,Yes,Mailed check,62.8,228.43,1
8160-JTLET,Male,0,Yes,No,42,Yes,No,DSL,No,Yes,No,Yes,No,Yes,Two year,Yes,Credit card (automatic),53.91,2340.95,0
7207-TKAFZ,Female,0,Yes,Yes,30,Yes,Yes,DSL,Yes,No,Yes,Yes,No,Yes,Two year,Yes,Electronic check,25.43,770.68,0
4214-FXJNP,Female,0,Yes,No,32,Yes,No,Fiber optic,Yes,Yes,No,No,No,No,Month-to-month,No,Credit card (automatic),33.84,1201.48,1
4346-VFOGL,Female,0,Yes,No,3,Yes,No,DSL,Yes,Yes,No,Yes,Yes,Yes,Month-to-month,Yes,Credit card (automatic),35.62,171.85,1
1175-OBIGD,Female,0,Yes,No,24,Yes,Yes,Fiber optic,No,No,No,Yes,Yes,Yes,Month-to-month,Yes,Electronic check,101.95,2350.56,1
2552-IMYME,Male,0,Yes,No,6,Yes,Yes,Fiber optic,No,No,Yes,No,No,Yes,One year,No,Electronic check,65.3,390.44,1
7782-IYNCT,Male,1,Yes,Yes,15,Yes,Yes,DSL,No,No,No,Yes,No,Yes,Month-to-month,Yes,Mailed check,48.97,816.73,1
4996-OOYPP,Male,0,No,Yes,54,No,No phone service,DSL,Yes,Yes,Yes,Yes,Yes,No,Month-to-month,No,Mailed check,46.34,2558.31,0
8457-WMGWQ,Male,0,Yes,No,12,Yes,No,Fiber optic,No,No,No,No,Yes,Yes,Two year,Yes,Electronic check,23.82,246.35,1
8179-WLMYM,Male,0,Yes,No,6,Yes,Yes,DSL,No,No,No,Yes,Yes,Yes,Month-to-month,Yes,Bank transfer (automatic),82.8,565.07,0
8154-TWQMA,Female,0,Yes,No,22,Yes,No,DSL,No,No,Yes,Yes,Yes,Yes,Month-to-month,Yes,Mailed check,100.17,2067.28,1
9787-CSRVR,Male,0,Yes,No,33,Yes,No,Fiber optic,Yes,Yes,No,Yes,Yes,No,Month-to-month,Yes,Bank transfer (automatic),94.34,3298.43,0
5599-YLWTT,Male,1,No,Yes,67,Yes,No,Fiber optic,No,Yes,Yes,Yes,No,Yes,Month-to-month,No,Mailed check,25.48,1719.27,1
1569-SSYPK,Male,0,No,No,45,Yes,Yes,DSL,No,Yes,No,Yes,Yes,No,Month-to-month,Yes,Electronic check,18.5,748.77,1
6832-DLXNI,Female,1,Yes,No,33,Yes,No,Fiber optic,No,No,No,No,Yes,No,Two year,Yes,Mailed check,48.48,1617.3,1
3423-MFWBZ,Female,0,Yes,No,49,Yes,No,Fiber optic,No,Yes,Yes,Yes,Yes,No,Month-to-month,No,Bank transfer (automatic),77.86,3671.43,0
7578-LOWNK,Female,0,Yes,Yes,56,Yes,Yes,DSL,Yes,Yes,Yes,Yes,No,Yes,Two year,Yes,Mailed check,54.69,2949.03,0
9976-ILMZI,Female,0,No,No,12,Yes,No,Fiber optic,No,Yes,No,No,Yes,No,Month-to-month,Yes,Electronic check,89.34,950.96,1
2242-VQPFS,Male,1,Yes,No,39,Yes,No,DSL,Yes,Yes,No,No,No,Yes,Month-to-month,Yes,Electronic check,52.71,2166.74,0
8769-YJHLV,Male,0,No,Yes,36,Yes,Yes,No,No internet service,No internet service,No internet service,No internet service,No internet service,No internet service,Two year,No,Credit card (automatic),29.47,1163.89,0
4212-JHDOA,Female,0,Yes,No,3,Yes,Yes,Fiber optic,No,No,No,No,Yes,Yes,One year,Yes,Mailed check,116.18,350.66,1
8215-ESGNB,Male,0,No,Yes,67,Yes,Yes,DSL,Yes,No,No,No,No,Yes,One year,Yes,Mailed check,95.82,6291.83,0
1275-RKVLR,Female,0,Yes,Yes,13,Yes,Yes,No,No internet service,No internet service,No internet service,No internet service,No internet service,No internet service,Two year,Yes,Credit card (automatic),69.28,971.98,0
9830-TUVRB,Female,0,No,No,62,Yes,No,Fiber optic,Yes,No,No,No,No,No,Two year,No,Credit card (automatic),32.14,2098.96,0
2404-FYOLY,Male,0,No,No,47,No,No phone service,No,No internet service,No internet service,No internet service,No internet service,No internet service,No internet service,Month-to-month,No,Mailed check,116.05,5529.23,0
8566-SKOLC,Male,0,No,No,62,Yes,No,Fiber optic,No,Yes,No,No,No,No,Month-to-month,No,Mailed check,84.81,5197.79,0
4691-OBQGM,Female,0,No,No,25,Yes,Yes,No,No internet service,No internet service,No internet service,No internet service,No internet service,No internet service,Month-to-month,Yes,Electronic check,99.46,2435.51,0
4526-VJWOB,Male,0,No,No,6,Yes,No,Fiber optic,Yes,Yes,No,Yes,Yes,No,Month-to-month,No,Credit card (automatic),99.26,560.48,1
2907-CHNZA,Female,0,Yes,Yes,4,Yes,No,No,No internet service,No internet service,No internet service,No internet service,No internet service,No internet service,Month-to-month,Yes,Credit card (automatic),40.15,123.96,1
4491-SFODX,Male,1,No,No,59,Yes,Yes,Fiber optic,No,No,No,Yes,No,No,Month-to-month,Yes,Credit card (automatic),59.47,3466.44,1
3652-DURQJ,Female,1,Yes,Yes,12,Yes,No,DSL,No,No,Yes,Yes,Yes,No,One year,Yes,Credit card (automatic),102.96,1175.4,0
9769-UOFEV,Male,1,Yes,Yes,64,Yes,No,DSL,No,Yes,No,No,No,No,One year,No,Electronic check,110.09,7042.3,1
6517-CSAUA,Male,1,Yes,No,47,Yes,Yes,DSL,No,No,No,Yes,Yes,No,Month-to-month,No,Bank transfer (automatic),117.68,5539.21,0
6051-XTIOD,Male,0,Yes,No,57,Yes,Yes,No,No internet service,No internet service,No internet service,No internet service,No internet service,No internet service,One year,Yes,Bank transfer (automatic),43.31,2501.35,0
3468-IEHLD,Female,0,No,No,51,Yes,No,Fiber optic,No,No,No,Yes,No,Yes,One year,No,Credit card (automatic),39.34,1941.72,0
8691-NEETV,Female,0,No,No,42,Yes,No,DSL,Yes,Yes,No,Yes,No,No,Month-to-month,No,Bank transfer (automatic),84.43,3511.24,1
8929-UHIMQ,Male,0,Yes,Yes,39,Yes,Yes,DSL,No,Yes,No,No,No,No,Month-to-month,Yes,Mailed check,89.22,3489.8,1
4194-OVHOO,Female,1,No,No,25,Yes,Yes,Fiber optic,No,No,No,No,No,No,Month-to-month,Yes,Mailed check,35.89,993.5,0
4915-TFJBX,Female,0,Yes,Yes,52,Yes,No,DSL,No,Yes,No,Yes,No,Yes,Two year,Yes,Electronic check,81.34,4110.9,1
7136-UGJMQ,Male,0,No,No,58,Yes,No,DSL,Yes,Yes,Yes,No,No,No,Month-to-month,No,Credit card (automatic),45.8,2690.77,0
8805-ACULV,Female,0,No,No,61,Yes,No,Fiber optic,No,No,Yes,Yes,No,Yes,Month-to-month,Yes,Bank transfer (automatic),50.56,3033.92,1
6169-PRFSQ,Female,0,No,No,20,Yes,No,DSL,No,No,No,Yes,No,Yes,Month-to-month,No,Credit card (automatic),61.35,1307.54,1
5355-WKTIH,Female,1,Yes,No,29,Yes,No,No,No internet service,No internet service,No internet service,No internet service,No internet service,No internet service,Month-to-month,No,Bank transfer (automatic),95.01,2812.4,1
1728-HBGQZ,Female,0,Yes,Yes,41,Yes,No,No,No internet service,No internet service,No internet service,No internet service,No internet service,No internet service,Two year,Yes,Mailed check,59.94,2369.69,0
7505-TKJGN,Male,0,Yes,Yes,65,Yes,No,No,No internet service,No internet service,No internet service,No internet service,No internet service,No internet service,Two year,Yes,Bank transfer (automatic),106.2,6962.78,0
6816-AEEHV,Female,0,Yes,No,29,Yes,No,No,No internet service,No internet service,No internet service,No internet service,No internet service,No internet service,Month-to-month,Yes,Credit card (automatic),82.62,2290.13,1
3416-HRLQW,Male,0,No,No,28,Yes,No,DSL,No,Yes,Yes,Yes,Yes,No,Two year,No,Credit card (automatic),41.13,1322.93,0
3623-SLMYD,Male,1,No,No,46,Yes,No,DSL,No,Yes,Yes,No,Yes,Yes,Month-to-month,Yes,Credit card (automatic),31.14,1409.05,0
2830-WDTDO,Female,0,No,Yes,62,Yes,No,DSL,Yes,Yes,Yes,Yes,Yes,No,Month-to-month,Yes,Bank transfer (automatic),111.75,7002.96,1
1589-QLXXT,Male,0,No,No,49,Yes,Yes,Fiber optic,Yes,Yes,Yes,No,No,No,One year,Yes,Electronic check,68.56,3418.61,0
7015-IZURO,Female,0,No,No,60,Yes,Yes,DSL,No,No,No,Yes,Yes,Yes,Two year,Yes,Bank transfer (automatic),93.73,5700.01,0
9349-AEVNK,Female,0,No,Yes,66,Yes,No,Fiber optic,No,Yes,No,No,Yes,No,Month-to-month,Yes,Credit card (automatic),117.21,8007.64,1
3827-EWXRT,Female,0,No,No,33,Yes,Yes,Fiber optic,Yes,Yes,No,Yes,No,Yes,Month-to-month,No,Credit card (automatic),107.38,3404.3,1
2971-DZXVO,Male,0,No,No,19,No,No phone service,No,No internet service,No internet service,No internet service,No internet service,No internet service,No internet service,Two year,Yes,Electronic check,29.13,570.07,1
2002-JMABC,Female,1,No,No,19,Yes,Yes,No,No internet service,No internet service,No internet service,No internet service,No internet service,No internet service,Month-to-month,Yes,Electronic check,20.01,401.79,1
7451-ICCJG,Male,0,No,Yes,59,Yes,Yes,Fiber optic,Yes,No,No,Yes,No,No,Two year,Yes,Electronic check,41.02,2407.16,1
7594-TVQKO,Male,0,Yes,Yes,33,Yes,No,No,No internet service,No internet service,No internet service,No internet service,No internet service,No internet service,Month-to-month,No,Credit card (automatic),31.27,965.94,0
8918-VDTAY,Female,0,Yes,No,15,Yes,No,No,No internet service,No internet service,No internet service,No internet service,No internet service,No internet service,Two year,Yes,Credit card (automatic),20.93,341.9,1
2404-ZNZZJ,Male,0,Yes,No,11,Yes,No,Fiber optic,No,No,No,Yes,Yes,No,Month-to-month,No,Electronic check,76.24,965.08,1
4039-HLDBY,Male,0,No,No,60,Yes,Yes,Fiber optic,Yes,Yes,No,No,Yes,Yes,Month-to-month,Yes,Credit card (automatic),66.23,4013.59,1
9493-VMUAS,Female,0,Yes,No,18,Yes,Yes,DSL,Yes,No,Yes,No,Yes,Yes,Month-to-month,Yes,Electronic check,20.91,374.7,0
1292-HOCFM,Male,0,Yes,No,35,Yes,No,DSL,No,No,No,Yes,No,Yes,Month-to-month,No,Bank transfer (automatic),119.04,4249.46,0
4849-RTETS,Male,0,No,Yes,24,Yes,Yes,DSL,Yes,No,No,No,No,No,Two year,Yes,Mailed check,112.9,2726.24,0
2529-QVVVL,Male,0,No,No,67,No,No phone service,No,No internet service,No internet service,No internet service,No internet service,No internet service,No internet service,Month-to-month,Yes,Credit card (automatic),59.76,3761.95,0
1990-CUZDJ,Female,0,No,Yes,45,Yes,No,Fiber optic,Yes,No,Yes,Yes,Yes,No,Month-to-month,Yes,Electronic check,43.26,1934.56,1
7182-DCSOD,Female,0,No,No,6,Yes,No,Fiber optic,No,No,No,Yes,Yes,No,Month-to-month,Yes,Credit card (automatic),53.28,370.88,1
3080-QXUHJ,Female,1,No,Yes,26,Yes,No,DSL,No,Yes,Yes,Yes,No,No,Month-to-month,Yes,Electronic check,27.14,705.38,0
1986-OYONM,Male,1,Yes,No,18,Yes,No,No,No internet service,No internet service,No internet service,No internet service,No internet service,No internet service,Month-to-month,Yes,Electronic check,39.83,823.54,1
7533-FLHXV,Male,1,No,No,47,Yes,No,DSL,No,Yes,Yes,No,Yes,No,Month-to-month,Yes,Bank transfer (automatic),59.55,2939.04,1
9583-YYVTD,Male,0,Yes,No,6,No,No phone service,DSL,Yes,Yes,No,Yes,No,No,Month-to-month,Yes,Electronic check,113.27,667.03,1
9401-SRMNX,Male,0,Yes,No,12,Yes,Yes,Fiber optic,No,No,No,Yes,No,No,Two year,Yes,Mailed check,71.87,819.46,1
8462-RCAXY,Male,1,No,Yes,53,Yes,No,No,No internet service,No internet service,No internet service,No internet service,No internet service,No internet service,Two year,Yes,Bank transfer (automatic),102.59,5333.05,1
1135-MTFRR,Female,0,No,No,38,No,No phone service,Fiber optic,Yes,No,No,No,No,Yes,Two year,Yes,Credit card (automatic),118.0,4481.31,0
1209-XFGAF,Male,0,No,No,58,No,No phone service,Fiber optic,No,No,Yes,No,No,Yes,Month-to-month,Yes,Bank transfer (automatic),73.5,4143.34,1
7723-NBWLJ,Male,0,Yes,No,27,Yes,No,DSL,No,No,No,Yes,No,Yes,Two year,Yes,Mailed check,100.66,2855.85,0
7588-JEKFD,Female,0,Yes,No,2,Yes,Yes,Fiber optic,No,Yes,No,No,Yes,Yes,One year,No,Mailed check,40.53,0,1
1855-USGWI,Male,0,No,No,33,Yes,No,DSL,Yes,No,Yes,Yes,No,Yes,One year,No,Electronic check,56.19,1982.93,0
5597-FZRDL,Female,0,Yes,No,69,Yes,No,Fiber optic,No,No,No,No,No,Yes,Two year,Yes,Electronic check,59.09,3997.04,0
3863-HALHX,Male,1,No,Yes,2,Yes,Yes,No,No internet service,No internet service,No internet service,No internet service,No internet service,No internet service,Month-to-month,Yes,Credit card (automatic),101.23,226.13,1
4977-UYSEN,Male,0,No,Yes,67,Yes,No,DSL,No,Yes,Yes,No,Yes,Yes,Month-to-month,No,Mailed check,50.21,3292.52,0
7928-EGTTD,Female,0,Yes,No,36,Yes,No,Fiber optic,No,No,No,Yes,No,Yes,Month-to-month,No,Electronic check,57.21,2051.24,1
9714-QOPXB,Male,0,Yes,Yes,67,Yes,Yes,Fiber optic,Yes,Yes,No,No,Yes,No,Two year,No,Credit card (automatic),29.05,1922.43,0
5734-NYUCF,Female,0,No,No,37,Yes,No,Fiber optic,No,No,No,No,No,No,Two year,Yes,Mailed check,56.17,2121.82,0
3560-HAASU,Female,0,Yes,Yes,44,Yes,No,No,No internet service,No internet service,No internet service,No internet service,No internet service,No internet service,Month-to-month,Yes,Bank transfer (automatic),64.46,2719.18,0
1439-GYWTD,Male,0,No,No,27,Yes,No,DSL,No,No,No,Yes,Yes,No,Two year,Yes,Bank transfer (automatic),95.27,2645.0,0
1211-KRRGJ,Female,0,Yes,No,60,Yes,Yes,Fiber optic,No,No,Yes,Yes,Yes,Yes,Month-to-month,No,Mailed check,72.97,4576.67,0
9559-ADRHT,Female,0,No,No,25,No,No phone service,No,No internet service,No internet service,No internet service,No internet service,No internet service,No internet service,Month-to-month,No,Bank transfer (automatic),84.89,2282.44,1
9434-HEDXF,Male,0,Yes,No,17,Yes,No,Fiber optic,No,No,No,No,Yes,No,Two year,Yes,Credit card (automatic),78.2,1311.25,0
4915-EWLVN,Female,0,No,No,66,Yes,Yes,No,No internet service,No internet service,No internet service,No internet service,No internet service,No internet service,Month-to-month,Yes,Electronic check,38.45,2540.06,1
7485-ZNXEQ,Female,0,Yes,Yes,55,Yes,Yes,No,No internet service,No internet service,No internet service,No internet service,No internet service,No internet service,Month-to-month,No,Mailed check,70.38,4001.85,0
5775-SRRUA,Female,0,Yes,Yes,61,Yes,No,DSL,No,No,Yes,No,Yes,No,Month-to-month,No,Electronic check,63.88,3885.73,0
6182-IWHKO,Female,1,No,Yes,2,Yes,Yes,Fiber optic,Yes,No,No,Yes,No,Yes,Two year,Yes,Mailed check,84.91,278.17,1
5006-ZMHVZ,Male,0,No,No,41,Yes,Yes,DSL,No,Yes,Yes,Yes,No,Yes,Month-to-month,No,Bank transfer (automatic),75.86,2900.85,1
7636-CLCJQ,Male,0,No,No,33,Yes,Yes,Fiber optic,Yes,No,No,Yes,Yes,No,One year,No,Electronic check,35.86,1255.85,0
6713-HMDSC,Male,0,Yes,Yes,29,Yes,No,DSL,Yes,Yes,No,Yes,Yes,No,Month-to-month,No,Credit card (automatic),68.7,1821.55,1
4991-BBBJW,Female,0,No,No,36,Yes,No,Fiber optic,No,Yes,No,Yes,No,No,Two year,No,Electronic check,56.76,2230.24,1
9047-NPHWJ,Female,0,No,No,28,Yes,No,No,No internet service,No internet service,No internet service,No internet service,No internet service,No internet service,Two year,Yes,Electronic check,87.51,2351.47,1
2781-CJCAN,Male,0,No,No,71,Yes,No,DSL,Yes,No,No,No,Yes,No,Two year,Yes,Electronic check,49.63,3510.79,0
2899-AXMAC,Male,0,Yes,No,11,Yes,Yes,Fiber optic,No,No,No,No,Yes,No,Month-to-month,Yes,Credit card (automatic),28.01,554.94,1
8867-TOJXZ,Female,0,No,No,67,Yes,No,No,No internet service,No internet service,No internet service,No internet service,No internet service,No internet service,Two year,Yes,Mailed check,97.39,6491.78,1
1572-ZGYGS,Male,0,No,No,18,Yes,No,DSL,No,No,Yes,Yes,No,Yes,Month-to-month,Yes,Electronic check,52.96,828.13,1
4022-EDZUT,Female,1,Yes,No,2,Yes,No,No,No internet service,No internet service,No internet service,No internet service,No internet service,No internet service,One year,No,Bank transfer (automatic),49.26,222.49,1
6141-RQPJD,Male,0,No,No,26,Yes,Yes,Fiber optic,No,No,No,No,No,Yes,Month-to-month,Yes,Mailed check,114.81,3057.7,1
3832-IKOXF,Male,0,No,Yes,39,Yes,Yes,Fiber optic,No,No,No,Yes,Yes,Yes,Month-to-month,No,Mailed check,93.43,3564.44,1
2546-WBALP,Female,0,No,No,35,Yes,No,Fiber optic,Yes,No,No,No,No,No,Two year,No,Electronic check,104.19,3746.33,1
4801-YQOEM,Male,0,Yes,No,13,No,No phone service,No,No internet service,No internet service,No internet service,No internet service,No internet service,No internet service,Month-to-month,Yes,Bank transfer (automatic),73.42,970.39,1
4081-XWHME,Female,0,Yes,No,44,No,No phone service,No,No internet service,No internet service,No internet service,No internet service,No internet service,No internet service,Month-to-month,No,Credit card (automatic),23.66,1147.38,1
4310-NHDZJ,Female,0,Yes,No,33,Yes,No,No,No internet service,No internet service,No internet service,No internet service,No internet service,No internet service,Month-to-month,Yes,Mailed check,55.07,1846.54,0
9334-CWUMU,Female,0,Yes,No,17,Yes,No,Fiber optic,Yes,No,No,No,Yes,No,Month-to-month,Yes,Electronic check,33.23,554.58,0
8763-QMDWR,Male,0,No,Yes,21,Yes,Yes,No,No internet service,No internet service,No internet service,No internet service,No internet service,No internet service,Month-to-month,No,Electronic check,75.27,1558.56,1
1775-OVTZJ,Female,1,Yes,No,52,Yes,No,Fiber optic,Yes,No,No,No,No,Yes,One year,No,Electronic check,56.63,2973.99,1
5413-EASJL,Male,0,Yes,Yes,71,Yes,Yes,DSL,Yes,No,No,No,No,Yes,Month-to-month,Yes,Credit card (automatic),82.93,5878.76,0
5505-SDPPP,Male,0,No,Yes,23,Yes,Yes,No,No internet service,No internet service,No internet service,No internet service,No internet service,No internet service,One year,Yes,Credit card (automatic),114.74,2582.18,1
6149-RXZTF,Female,0,No,No,2,Yes,No,Fiber optic,No,Yes,No,Yes,No,Yes,Two year,No,Mailed check,51.59,145.71,1
7811-PEUOQ,Female,0,No,Yes,14,Yes,Yes,No,No internet service,No internet service,No internet service,No internet service,No internet service,No internet service,Month-to-month,Yes,Bank transfer (automatic),52.48,756.7,0
5035-XTGVG,Male,1,Yes,No,25,Yes,No,Fiber optic,Yes,No,Yes,No,No,No,One year,Yes,Electronic check,35.83,949.77,1
9120-QWUXT,Female,0,No,No,55,No,No phone service,No,No internet service,No internet service,No internet service,No internet service,No internet service,No internet service,Month-to-month,Yes,Mailed check,117.22,6481.07,1
4517-XWIWC,Female,0,No,No,61,Yes,No,Fiber optic,No,No,No,No,No,Yes,Month-to-month,Yes,Bank transfer (automatic),39.25,2282.27,1
3368-PXLSH,Female,0,No,No,57,Yes,No,DSL,No,Yes,No,Yes,Yes,Yes,Two year,Yes,Electronic check,57.84,3246.35,1
9793-UQPSI,Female,0,Yes,Yes,61,Yes,No,No,No internet service,No internet service,No internet service,No internet service,No internet service,No internet service,Two year,Yes,Mailed check,95.6,5853.73,1
6529-ANSPJ,Male,0,No,Yes,58,Yes,No,No,No internet service,No internet service,No internet service,No internet service,No internet service,No internet service,Month-to-month,No,Mailed check,57.28,3439.12,1
8636-EFGZJ,Female,0,No,Yes,2,Yes,No,DSL,Yes,No,Yes,No,No,No,Two year,Yes,Bank transfer (automatic),73.39,151.01,1
9447-SVDHN,Male,0,No,No,71,Yes,Yes,Fiber optic,No,No,No,No,Yes,No,One year,Yes,Bank transfer (automatic),27.75,1985.6,1
8073-MXIGP,Male,0,Yes,Yes,4,Yes,Yes,Fiber optic,No,Yes,No,No,Yes,No,One year,No,Bank transfer (automatic),30.06,186.53,1
7278-RRBON,Female,0,No,Yes,9,Yes,Yes,No,No internet service,No internet service,No internet service,No internet service,No internet service,No internet service,Month-to-month,No,Electronic check,59.04,707.12,1
7603-ICFUU,Female,0,No,No,31,Yes,No,Fiber optic,No,No,Yes,No,Yes,No,Month-to-month,Yes,Electronic check,21.42,624.8,0
1102-VZUXA,Male,0,No,Yes,4,Yes,No,DSL,Yes,No,Yes,Yes,Yes,No,Month-to-month,Yes,Credit card (automatic),97.15,387.7,1
9849-DARTF,Male,1,Yes,No,68,Yes,No,Fiber optic,Yes,No,No,No,Yes,No,Two year,Yes,Electronic check,104.2,7223.54,0
1822-TUDVR,Male,1,No,No,44,Yes,Yes,Fiber optic,No,No,No,No,Yes,No,One year,Yes,Electronic check,82.44,3689.85,1
8063-PEUVJ,Female,0,Yes,No,1,Yes,No,No,No internet service,No internet service,No internet service,No internet service,No internet service,No internet service,Month-to-month,No,Mailed check,46.21,0,1
4501-KTFHS,Female,0,No,No,38,No,No phone service,DSL,Yes,Yes,Yes,No,No,No,Month-to-month,Yes,Electronic check,115.28,4368.25,1
7667-JBDTF,Male,0,No,No,62,Yes,No,No,No internet service,No internet service,No internet service,No internet service,No internet service,No internet service,Month-to-month,Yes,Bank transfer (automatic),118.15,7274.85,0
6874-RULLA,Female,0,No,No,6,Yes,No,Fiber optic,Yes,No,No,No,Yes,No,One year,Yes,Bank transfer (automatic),97.04,420.25,1
6987-BZDHM,Female,0,No,No,62,No,No phone service,No,No internet service,No internet service,No internet service,No internet service,No internet service,No internet service,One year,Yes,Electronic check,75.46,4763.08,1
3333-BSOLO,Male,0,Yes,No,71,Yes,No,No,No internet service,No internet service,No internet service,No internet service,No internet service,No internet service,One year,Yes,Bank transfer (automatic),65.8,4596.05,1
9456-ZMVEW,Female,0,No,No,58,Yes,Yes,Fiber optic,No,Yes,No,No,Yes,No,Month-to-month,Yes,Bank transfer (automatic),34.57,2186.12,1
6803-OWVOI,Male,0,No,Yes,64,Yes,Yes,No,No internet service,No internet service,No internet service,No internet service,No internet service,No internet service,Two year,No,Credit card (automatic),52.82,3292.64,0
2605-TDMHK,Male,0,Yes,No,36,Yes,No,No,No internet service,No internet service,No internet service,No internet service,No internet service,No internet service,Month-to-month,Yes,Electronic check,31.53,1192.33,1
7604-GOLZA,Male,0,Yes,No,11,Yes,Yes,Fiber optic,Yes,No,No,Yes,Yes,Yes,One year,Yes,Electronic check,85.26,1010.97,0
4285-HILTG,Female,0,No,No,29,Yes,No,No,No internet service,No internet service,No internet service,No internet service,No internet service,No internet service,Two year,Yes,Electronic check,43.53,1362.79,0
8443-FHZZG,Male,0,No,No,53,Yes,No,Fiber optic,Yes,No,No,No,Yes,Yes,Two year,Yes,Mailed check,56.36,3093.13,0
3398-OKXEZ,Female,0,No,No,64,Yes,No,Fiber optic,No,Yes,No,No,No,Yes,Month-to-month,No,Mailed check,24.19,1459.84,1
2925-TODYP,Female,0,No,No,5,Yes,Yes,DSL,Yes,Yes,No,No,No,Yes,Month-to-month,Yes,Electronic check,33.17,242.76,0
5039-YRSLL,Male,0,No,No,4,No,No phone service,Fiber optic,Yes,No,No,No,No,No,One year,Yes,Bank transfer (automatic),31.89,130.06,0
9234-PWFNR,Female,0,No,No,35,Yes,No,No,No internet service,No internet service,No internet service,No internet service,No internet service,No internet service,Month-to-month,Yes,Mailed check,63.35,2395.74,1
6535-ARCTE,Female,0,No,No,65,Yes,No,No,No internet service,No internet service,No internet service,No internet service,No internet service,No internet service,Month-to-month,Yes,Bank transfer (automatic),99.15,6453.93,1
1836-QRLEI,Female,1,No,Yes,6,Yes,No,Fiber optic,Yes,Yes,Yes,Yes,Yes,Yes,One year,No,Bank transfer (automatic),86.33,615.4,0
1178-PHQUA,Female,0,No,Yes,16,Yes,No,No,No internet service,No internet service,No internet service,No internet service,No internet service,No internet service,Month-to-month,Yes,Electronic check,77.0,1233.24,1
9424-CKLJY,Male,0,Yes,No,20,Yes,Yes,Fiber optic,No,Yes,No,No,No,No,Month-to-month,Yes,Electronic check,25.26,529.7,1
5824-AXRDT,Female,1,Yes,No,40,Yes,No,DSL,Yes,Yes,Yes,No,No,Yes,Month-to-month,No,Mailed check,37.71,1490.52,0
1254-CMVFN,Male,0,No,No,61,Yes,Yes,DSL,No,Yes,No,No,Yes,No,Month-to-month,Yes,Credit card (automatic),46.15,2942.54,0
7154-IQICV,Male,0,No,Yes,24,Yes,No,No,No internet service,No internet service,No internet service,No internet service,No internet service,No internet service,Month-to-month,Yes,Bank transfer (automatic),109.37,2592.22,0
3712-DRSMD,Female,0,No,Yes,41,Yes,No,No,No internet service,No internet service,No internet service,No internet service,No internet service,No internet service,Month-to-month,No,Mailed check,27.27,1288.35,0
7652-UXSWE,Male,0,Yes,No,59,Yes,Yes,Fiber optic,Yes,No,Yes,No,No,No,Two year,Yes,Mailed check,44.15,2560.43,1
4377-NUZCS,Female,1,Yes,No,67,Yes,No,DSL,Yes,No,Yes,Yes,No,Yes,Month-to-month,No,Bank transfer (automatic),41.99,2688.95,0
6004-PHHQQ,Female,0,No,No,25,Yes,Yes,No,No internet service,No internet service,No internet service,No internet service,No internet service,No internet service,Two year,No,Mailed check,117.4,3116.52,0
8210-FTCSB,Female,0,Yes,Yes,8,Yes,No,DSL,No,No,No,Yes,Yes,Yes,Month-to-month,Yes,Bank transfer (automatic),18.46,8.64,1
3970-LGQAZ,Male,0,No,No,14,Yes,Yes,DSL,No,Yes,Yes,Yes,No,Yes,One year,Yes,Electronic check,101.95,1610.46,1
6273-WRPRH,Female,0,No,No,26,Yes,No,No,No internet service,No internet service,No internet service,No internet service,No internet service,No internet service,Month-to-month,Yes,Credit card (automatic),98.94,2495.69,1
1244-GTZVN,Female,0,No,No,65,Yes,No,No,No internet service,No internet service,No internet service,No internet service,No internet service,No internet service,Month-to-month,Yes,Bank transfer (automatic),75.04,4815.83,1
4343-GEVWC,Male,0,Yes,Yes,29,Yes,No,DSL,No,No,No,Yes,Yes,Yes,One year,No,Electronic check,99.33,2885.82,0
9881-DEIQC,Male,1,No,Yes,53,Yes,Yes,No,No internet service,No internet service,No internet service,No internet service,No internet service,No internet service,Month-to-month,Yes,Electronic check,30.83,1623.33,1
1543-JAFCS,Female,0,No,Yes,48,Yes,No,Fiber optic,No,Yes,No,Yes,Yes,Yes,Two year,No,Credit card (automatic),64.73,3082.19,0
7054-IYYXF,Female,0,No,No,2,No,No phone service,No,No internet service,No internet service,No internet service,No internet service,No internet service,No internet service,Two year,Yes,Mailed check,22.38,3.91,0
3648-ANRRF,Male,1,No,No,46,Yes,Yes,No,No internet service,No internet service,No internet service,No internet service,No internet service,No internet service,Month-to-month,Yes,Bank transfer (automatic),24.37,1122.93,0
9867-JEIXC,Female,0,Yes,No,66,Yes,No,No,No internet service,No internet service,No internet service,No internet service,No internet service,No internet service,One year,Yes,Mailed check,83.8,5573.01,0
3394-WIAHW,Female,0,Yes,No,41,Yes,No,Fiber optic,Yes,No,No,No,Yes,Yes,Month-to-month,No,Electronic check,72.83,3022.7,0
8332-ZVFND,Female,0,No,No,58,Yes,No,No,No internet service,No internet service,No internet service,No internet service,No internet service,No internet service,Month-to-month,Yes,Credit card (automatic),25.12,1348.49,0
3192-PUXBT,Male,1,No,No,41,Yes,No,Fiber optic,No,No,Yes,No,Yes,Yes,Month-to-month,No,Credit card (automatic),47.77,1917.51,1
4325-REWWV,Male,0,Yes,No,6,Yes,No,Fiber optic,No,No,No,No,Yes,No,Two year,Yes,Electronic check,88.92,414.37,1
9484-PNMUB,Male,0,No,Yes,44,Yes,No,Fiber optic,No,No,Yes,No,No,Yes,Two year,Yes,Electronic check,34.84,1582.64,1
9820-IXSQJ,Male,0,Yes,No,7,Yes,Yes,Fiber optic,No,Yes,No,Yes,Yes,No,Two year,Yes,Electronic check,22.61,77.95,1
2875-RRBDA,Male,0,Yes,No,72,Yes,No,No,No internet service,No internet service,No internet service,No internet service,No internet service,No internet service,One year,No,Mailed check,99.91,7305.01,0
8181-MFUMC,Male,0,No,Yes,5,Yes,No,DSL,Yes,Yes,Yes,Yes,Yes,Yes,Two year,No,Bank transfer (automatic),69.68,399.41,0
6718-FUMHK,Female,0,Yes,Yes,38,Yes,Yes,DSL,Yes,No,Yes,No,Yes,Yes,Month-to-month,Yes,Electronic check,108.87,4460.74,1
1003-WVOYW,Male,0,No,No,8,Yes,Yes,No,No internet service,No internet service,No internet service,No internet service,No internet service,No internet service,Month-to-month,No,Credit card (automatic),31.72,334.44,1
6459-ZYIIP,Female,0,No,No,27,Yes,No,DSL,No,Yes,No,Yes,Yes,Yes,Month-to-month,Yes,Electronic check,73.84,2050.44,1
6265-GACAQ,Female,0,No,No,40,Yes,No,No,No internet service,No internet service,No internet service,No internet service,No internet service,No internet service,Month-to-month,Yes,Electronic check,41.73,1607.32,1
9033-QFKBY,Male,0,No,No,14,Yes,No,Fiber optic,No,No,No,No,Yes,Yes,Two year,Yes,Credit card (automatic),39.25,531.72,1
3982-ZDWML,Female,0,Yes,No,13,Yes,Yes,Fiber optic,Yes,No,No,No,No,Yes,Month-to-month,Yes,Electronic check,24.97,237.63,1
2283-TPOOF,Male,0,No,No,71,Yes,No,No,No internet service,No internet service,No internet service,No internet service,No internet service,No internet service,Month-to-month,No,Mailed check,54.8,3837.48,0
1244-KXAKW,Female,0,Yes,Yes,1,Yes,Yes,DSL,No,Yes,No,No,Yes,Yes,Two year,Yes,Bank transfer (automatic),68.94,168.8,0
3091-YXSQB,Female,1,Yes,No,39,Yes,No,No,No internet service,No internet service,No internet service,No internet service,No internet service,No internet service,Two year,Yes,Electronic check,91.67,3621.41,1
6631-VTEBE,Male,0,No,No,57,Yes,No,DSL,No,No,No,No,No,No,One year,Yes,Electronic check,79.41,4649.2,0
1947-ZZVSI,Female,0,No,Yes,16,Yes,Yes,DSL,No,Yes,Yes,Yes,No,No,One year,No,Electronic check,104.25,1675.86,1
5963-CIWVZ,Female,0,Yes,No,38,Yes,Yes,No,No internet service,No internet service,No internet service,No internet service,No internet service,No internet service,Month-to-month,Yes,Mailed check,116.5,4309.73,0
6623-NRHJE,Female,1,Yes,No,29,Yes,Yes,DSL,Yes,Yes,Yes,No,No,Yes,Month-to-month,Yes,Credit card (automatic),57.38,1645.86,1
9906-OJJIY,Male,0,Yes,Yes,12,Yes,Yes,DSL,No,Yes,No,Yes,Yes,Yes,Two year,Yes,Electronic check,18.64,282.07,0
3046-IVAEI,Female,0,No,Yes,40,Yes,No,Fiber optic,No,No,No,Yes,No,No,Two year,No,Credit card (automatic),82.1,3091.64,1
9191-JYGBQ,Female,0,No,No,28,Yes,Yes,DSL,No,Yes,Yes,No,No,Yes,Month-to-month,Yes,Credit card (automatic),50.72,1561.18,1
3061-FSEKD,Female,0,No,No,66,Yes,Yes,DSL,Yes,No,Yes,No,Yes,No,Month-to-month,No,Mailed check,105.86,6948.78,0
7936-HWOAS,Female,0,No,Yes,26,Yes,Yes,DSL,No,No,No,Yes,Yes,Yes,Two year,Yes,Electronic check,106.7,2721.64,1
9548-HJQFI,Male,0,No,No,66,Yes,No,Fiber optic,No,Yes,No,No,Yes,No,Month-to-month,Yes,Bank transfer (automatic),73.75,4790.28,1
1959-OXESF,Female,0,Yes,No,34,Yes,No,Fiber optic,No,No,No,No,No,No,Month-to-month,Yes,Bank transfer (automatic),95.23,3294.73,1
5077-GHKVT,Male,0,No,Yes,60,No,No phone service,DSL,No,No,No,No,Yes,No,Two year,No,Credit card (automatic),94.25,5779.75,0
9964-VHJFO,Male,0,No,No,44,Yes,Yes,DSL,No,No,Yes,Yes,No,Yes,Month-to-month,No,Bank transfer (automatic),78.37,3459.89,1
7153-POKXG,Male,1,Yes,No,24,Yes,No,DSL,Yes,No,Yes,No,No,No,Two year,Yes,Electronic check,46.91,1048.11,0
5582-KQEAC,Female,0,No,Yes,4,Yes,Yes,Fiber optic,Yes,Yes,No,No,Yes,Yes,Month-to-month,No,Bank transfer (automatic),114.15,445.85,1
3785-RPYLG,Male,0,Yes,Yes,66,Yes,No,No,No internet service,No internet service,No internet service,No internet service,No internet service,No internet service,Month-to-month,No,Electronic check,26.88,1881.86,0
8269-MKMMY,Female,0,No,No,27,Yes,No,No,No internet service,No internet service,No internet service,No internet service,No internet service,No internet service,One year,Yes,Electronic check,116.08,3195.95,0
6521-KLWBE,Male,0,No,No,3,Yes,Yes,DSL,Yes,Yes,Yes,No,No,No,Month-to-month,Yes,Electronic check,94.77,232.62,1
7242-ATABS,Female,0,Yes,Yes,34,Yes,No,DSL,Yes,No,Yes,Yes,Yes,No,Month-to-month,Yes,Mailed check,111.41,3821.49,0
1044-MWVYW,Male,1,No,No,25,Yes,Yes,DSL,No,Yes,No,No,Yes,No,One year,Yes,Electronic check,94.23,2039.13,1
2902-WNHLM,Male,0,Yes,No,71,Yes,Yes,No,No internet service,No internet service,No internet service,No internet service,No internet service,No internet service,Month-to-month,Yes,Electronic check,99.3,6997.8,1
8832-SHBSA,Male,1,Yes,No,9,Yes,No,Fiber optic,No,No,No,No,No,Yes,One year,Yes,Electronic check,69.72,577.23,0
9490-JHOHS,Female,0,Yes,No,58,Yes,No,No,No internet service,No internet service,No internet service,No internet service,No internet service,No internet service,Two year,Yes,Mailed check,28.19,1537.18,0
1154-OEWSZ,Female,0,No,No,55,Yes,Yes,No,No internet service,No internet service,No internet service,No internet service,No internet service,No internet service,Month-to-month,No,Bank transfer (automatic),52.8,2865.69,1
1942-HPNOT,Male,0,Yes,No,12,Yes,Yes,No,No internet service,No internet service,No internet service,No internet service,No internet service,No internet service,Month-to-month,No,Electronic check,39.84,271.25,1
5135-FAAWH,Female,0,Yes,No,45,No,No phone service,DSL,No,No,No,Yes,Yes,No,Two year,Yes,Electronic check,48.48,2335.03,0
4849-MBCSF,Female,0,No,No,45,Yes,Yes,DSL,Yes,No,Yes,Yes,No,Yes,Month-to-month,Yes,Electronic check,26.93,1240.67,1
5861-QYLQM,Female,0,Yes,No,63,Yes,No,DSL,Yes,Yes,No,Yes,Yes,No,Two year,Yes,Electronic check,43.28,2674.46,0
7611-IAZCU,Female,0,Yes,Yes,5,Yes,Yes,Fiber optic,No,Yes,Yes,No,Yes,No,Two year,Yes,Credit card (automatic),71.2,325.73,1
5503-BKBWE,Female,0,No,No,50,Yes,No,DSL,No,Yes,No,No,No,Yes,Two year,Yes,Credit card (automatic),51.04,2709.99,1
3079-QQSJB,Male,1,No,No,30,Yes,Yes,Fiber optic,No,No,No,No,No,No,Month-to-month,Yes,Electronic check,116.66,3461.37,1
3014-NFLPQ,Female,0,Yes,No,66,Yes,No,No,No internet service,No internet service,No internet service,No internet service,No internet service,No internet service,One year,Yes,Bank transfer (automatic),112.58,7442.38,0
7498-MBDCO,Male,1,Yes,No,72,Yes,No,DSL,No,No,Yes,No,No,No,Two year,Yes,Electronic check,24.21,1713.9,0
2674-MRRSL,Female,0,Yes,No,9,Yes,Yes,Fiber optic,No,No,No,No,No,Yes,Two year,No,Electronic check,31.66,116.25,1
7501-FVSTO,Male,0,Yes,No,14,Yes,No,No,No internet service,No internet service,No internet service,No internet service,No internet service,No internet service,One year,No,Mailed check,58.09,803.0,1
1723-BBVXW,Male,0,No,No,54,Yes,No,Fiber optic,Yes,No,Yes,No,Yes,Yes,One year,Yes,Bank transfer (automatic),110.61,5950.14,1
1330-EAIQV,Male,0,No,No,21,Yes,No,Fiber optic,No,No,Yes,No,Yes,No,Month-to-month,No,Electronic check,22.06,720.99,1
8172-ORIMM,Female,0,Yes,No,33,Yes,No,Fiber optic,No,Yes,Yes,No,Yes,Yes,Two year,No,Bank transfer (automatic),116.52,3979.52,0
4833-LJSEZ,Male,0,No,Yes,72,Yes,Yes,Fiber optic,No,No,No,Yes,Yes,Yes,Month-to-month,Yes,Electronic check,27.84,2058.02,0
8137-JEUCS,Female,0,Yes,Yes,21,No,No phone service,Fiber optic,No,No,No,No,No,No,Month-to-month,No,Electronic check,109.77,2478.15,1
9044-OLOZK,Male,1,Yes,No,6,Yes,No,No,No internet service,No internet service,No internet service,No internet service,No internet service,No internet service,Month-to-month,Yes,Mailed check,22.41,0,1
4907-QRSDF,Male,0,Yes,No,48,Yes,Yes,DSL,No,No,No,Yes,Yes,Yes,Month-to-month,No,Mailed check,95.81,4725.35,1
8050-GALDY,Male,0,Yes,Yes,52,Yes,Yes,No,No internet service,No internet service,No internet service,No internet service,No internet service,No internet service,Month-to-month,Yes,Electronic check,94.93,4825.91,1
4421-YUOBY,Female,0,Yes,Yes,13,No,No phone service,No,No internet service,No internet service,No internet service,No internet service,No internet service,No internet service,Two year,Yes,Electronic check,30.01,431.95,1
1669-MBDFZ,Female,1,No,No,50,Yes,Yes,DSL,Yes,Yes,No,No,No,No,Two year,Yes,Mailed check,79.87,3979.16,0
4327-CRYJV,Female,0,No,No,6,Yes,No,No,No internet service,No internet service,No internet service,No internet service,No internet service,No internet service,Month-to-month,Yes,Bank transfer (automatic),52.79,535.41,1
9031-JWZFW,Male,0,No,Yes,23,Yes,No,DSL,Yes,No,No,Yes,Yes,Yes,One year,Yes,Bank transfer (automatic),116.0,2720.92,0
2726-WJKFF,Male,0,No,No,70,Yes,Yes,Fiber optic,No,No,Yes,No,Yes,Yes,Month-to-month,Yes,Credit card (automatic),79.37,5513.48,1
9621-TJNAK,Male,0,Yes,No,4,Yes,Yes,Fiber optic,No,No,No,No,No,No,Month-to-month,Yes,Credit card (automatic),19.98,131.77,1
1588-AUNBB,Female,0,Yes,Yes,37,Yes,Yes,No,No internet service,No internet service,No internet service,No internet service,No internet service,No internet service,Month-to-month,Yes,Credit card (automatic),76.55,2735.0,1
7548-VMGWQ,Female,0,Yes,Yes,16,Yes,No,DSL,No,No,No,No,No,Yes,Month-to-month,Yes,Electronic check,24.09,314.51,0
6237-RLCTN,Female,0,No,No,24,Yes,No,Fiber optic,No,No,No,Yes,Yes,No,One year,Yes,Credit card (automatic),64.27,1506.36,1
2721-FQYEG,Female,0,Yes,Yes,64,Yes,No,Fiber optic,No,Yes,Yes,No,No,Yes,One year,Yes,Bank transfer (automatic),103.78,6758.66,1
9412-LUSWO,Male,0,No,Yes,5,Yes,Yes,No,No internet service,No internet service,No internet service,No internet service,No internet service,No internet service,One year,No,Credit card (automatic),36.74,124.52,1
5535-YAMDT,Female,0,No,No,56,Yes,Yes,Fiber optic,Yes,Yes,No,No,Yes,Yes,Month-to-month,Yes,Mailed check,66.39,3712.75,0
9519-LCUOH,Male,0,Yes,Yes,37,Yes,No,Fiber optic,No,No,No,No,No,Yes,Month-to-month,No,Electronic check,36.78,1440.56,1
5470-ETUJZ,Male,0,No,No,11,No,No phone service,DSL,Yes,No,No,No,Yes,No,Two year,No,Mailed check,41.52,553.67,0
1710-EONXX,Female,0,Yes,No,72,Yes,No,No,No internet service,No internet service,No internet service,No internet service,No internet service,No internet service,Month-to-month,Yes,Electronic check,84.58,6000.39,1
9651-INBUD,Female,0,No,No,21,Yes,No,No,No internet service,No internet service,No internet service,No internet service,No internet service,No internet service,Two year,No,Mailed check,32.56,533.45,0
4940-TLAHA,Male,0,Yes,No,10,Yes,Yes,DSL,Yes,Yes,No,No,No,No,Two year,No,Electronic check,59.44,523.19,1
5798-IHNAW,Female,0,Yes,No,63,Yes,Yes,Fiber optic,No,Yes,No,Yes,Yes,Yes,Month-to-month,Yes,Mailed check,76.64,4903.15,1
7850-WJRZM,Female,0,Yes,No,18,Yes,No,Fiber optic,No,No,No,Yes,Yes,Yes,Two year,No,Credit card (automatic),99.58,1722.8,1
9392-HLBAP,Male,1,Yes,No,52,Yes,Yes,No,No internet service,No internet service,No internet service,No internet service,No internet service,No internet service,Month-to-month,No,Mailed check,50.83,2792.49,0
6310-EIADZ,Male,0,No,Yes,66,Yes,Yes,Fiber optic,No,No,No,No,Yes,Yes,Two year,No,Bank transfer (automatic),22.9,1384.18,1
4011-FCCSK,Male,0,No,No,46,Yes,No,No,No internet service,No internet service,No internet service,No internet service,No internet service,No internet service,Month-to-month,Yes,Electronic check,37.85,1934.12,1
6506-WTWUH,Female,0,Yes,No,35,Yes,No,Fiber optic,Yes,No,No,No,No,No,One year,No,Electronic check,86.87,3117.46,1
2088-DYEAO,Male,0,Yes,No,45,Yes,No,Fiber optic,No,No,No,Yes,No,Yes,Month-to-month,Yes,Credit card (automatic),73.86,3389.22,1
8832-TPSWX,Male,1,No,No,43,Yes,No,No,No internet service,No internet service,No internet service,No internet service,No internet service,No internet service,Month-to-month,Yes,Electronic check,64.41,2724.28,1
8261-EPDET,Male,0,No,No,65,Yes,No,DSL,No,Yes,No,Yes,Yes,Yes,Month-to-month,No,Credit card (automatic),23.83,1677.28,1
7554-YNXCO,Male,0,Yes,Yes,46,Yes,Yes,DSL,Yes,Yes,Yes,No,No,Yes,Month-to-month,No,Electronic check,115.01,5355.58,1
3606-JOMOB,Male,0,Yes,No,45,Yes,No,Fiber optic,No,Yes,Yes,Yes,Yes,No,Two year,Yes,Electronic check,48.17,2037.91,1
7166-OKJTO,Male,0,No,Yes,13,Yes,No,Fiber optic,No,No,No,Yes,Yes,No,Month-to-month,No,Mailed check,78.19,949.07,0
8256-MVWDA,Male,0,Yes,No,21,Yes,Yes,No,No internet service,No internet service,No internet service,No internet service,No internet service,No internet service,Month-to-month,No,Credit card (automatic),93.4,1786.94,1
7097-FTHAO,Male,1,Yes,No,54,Yes,No,Fiber optic,No,No,Yes,No,No,No,Month-to-month,No,Mailed check,91.38,5104.22,1
1328-TLECK,Male,0,No,No,20,Yes,No,No,No internet service,No internet service,No internet service,No internet service,No internet service,No internet service,Month-to-month,Yes,Electronic check,50.41,1069.86,1
5349-HGKKZ,Female,0,Yes,Yes,63,No,No phone service,DSL,Yes,No,Yes,No,Yes,Yes,Month-to-month,Yes,Bank transfer (automatic),71.15,4445.43,1
1122-IDRQV,Male,0,No,No,17,Yes,No,Fiber optic,No,No,Yes,Yes,Yes,Yes,One year,Yes,Mailed check,28.47,413.15,0
7534-GFUTC,Female,0,Yes,Yes,54,Yes,No,Fiber optic,Yes,No,Yes,No,No,No,One year,Yes,Electronic check,41.15,2249.55,0
2567-AJIWD,Female,0,No,No,64,Yes,Yes,No,No internet service,No internet service,No internet service,No internet service,No internet service,No internet service,Month-to-month,No,Electronic check,72.17,4667.07,1
8701-JTQQS,Male,0,No,Yes,43,Yes,No,Fiber optic,No,No,Yes,No,No,Yes,Two year,No,Mailed check,35.86,1584.04,0
3184-BBRQI,Male,0,Yes,No,27,Yes,Yes,Fiber optic,Yes,No,No,Yes,Yes,No,Month-to-month,No,Electronic check,103.77,2877.24,0
5048-OTZVG,Female,1,No,Yes,15,Yes,No,No,No internet service,No internet service,No internet service,No internet service,No internet service,No internet service,Month-to-month,No,Bank transfer (automatic),71.0,954.09,0
3196-MUHNH,Male,0,No,No,22,Yes,No,Fiber optic,Yes,No,No,Yes,Yes,Yes,Month-to-month,Yes,Mailed check,110.06,2349.03,1
1246-JSDVE,Female,0,Yes,No,39,Yes,Yes,No,No internet service,No internet service,No internet service,No internet service,No internet service,No internet service,Two year,No,Credit card (automatic),49.68,1847.35,0
5224-GQBKG,Male,0,Yes,No,42,Yes,Yes,Fiber optic,Yes,No,Yes,No,Yes,Yes,Two year,Yes,Electronic check,49.27,1957.08,0
8747-KVIDV,Female,0,Yes,No,36,Yes,No,No,No internet service,No internet service,No internet service,No internet service,No internet service,No internet service,Month-to-month,Yes,Credit card (automatic),21.05,628.6,1
9847-MSIOF,Male,0,Yes,No,30,Yes,No,Fiber optic,No,No,Yes,No,Yes,Yes,Month-to-month,Yes,Electronic check,100.96,2903.56,1
7209-LTJIP,Male,0,No,Yes,15,Yes,No,DSL,Yes,No,Yes,No,No,No,Two year,No,Bank transfer (automatic),119.99,1757.96,1
1481-IZBUI,Male,0,Yes,No,59,Yes,No,No,No internet service,No internet service,No internet service,No internet service,No internet service,No internet service,Two year,Yes,Electronic check,102.29,6229.53,0
2362-PLJBR,Male,0,No,No,43,Yes,No,Fiber optic,No,No,No,No,Yes,No,One year,Yes,Mailed check,39.92,1599.27,1
2667-BBQJN,Male,0,Yes,Yes,17,Yes,No,Fiber optic,No,No,No,No,Yes,No,Month-to-month,Yes,Bank transfer (automatic),68.04,1202.89,1
1278-TOXUB,Male,0,Yes,Yes,1,Yes,Yes,Fiber optic,Yes,Yes,No,No,Yes,No,Month-to-month,No,Mailed check,54.99,130.61,1
2040-KURHL,Female,0,Yes,No,66,Yes,Yes,No,No internet service,No internet service,No internet service,No internet service,No internet service,No internet service,Month-to-month,No,Electronic check,51.51,3324.26,1
3618-SPSFL,Female,0,No,No,38,Yes,No,Fiber optic,No,No,No,No,No,No,Month-to-month,No,Electronic check,97.69,3725.2,1
4486-CJJJI,Female,0,Yes,Yes,41,Yes,No,DSL,No,Yes,Yes,No,No,Yes,One year,Yes,Mailed check,67.3,2784.86,0
7023-QNLCT,Male,0,Yes,No,5,Yes,No,No,No internet service,No internet service,No internet service,No internet service,No internet service,No internet service,Two year,Yes,Electronic check,40.48,279.6,1
3610-USJCN,Female,0,Yes,No,6,Yes,No,Fiber optic,No,No,No,No,No,No,Month-to-month,No,Mailed check,40.74,151.6,1
1788-RYRJB,Male,0,Yes,No,11,Yes,No,No,No internet service,No internet service,No internet service,No internet service,No internet service,No internet service,One year,Yes,Mailed check,81.25,946.96,0
2513-MLOGV,Male,0,Yes,Yes,40,Yes,No,Fiber optic,No,No,Yes,No,Yes,Yes,Month-to-month,No,Credit card (automatic),100.5,3764.46,1
1410-XBGSN,Male,1,Yes,No,52,No,No phone service,DSL,No,Yes,No,Yes,Yes,No,Month-to-month,No,Electronic check,117.58,6204.0,1
7070-JFWVN,Male,0,Yes,No,3,Yes,Yes,No,No internet service,No internet service,No internet service,No internet service,No internet service,No internet service,Two year,Yes,Credit card (automatic),74.83,298.68,1
3486-DCJOK,Male,0,Yes,No,63,No,No phone service,Fiber optic,No,No,No,No,Yes,Yes,Two year,No,Credit card (automatic),34.46,2207.66,1
5509-DIDPU,Male,0,Yes,No,57,Yes,Yes,Fiber optic,No,Yes,Yes,No,No,Yes,Month-to-month,Yes,Credit card (automatic),23.68,1513.09,0
1553-EHFET,Female,0,Yes,Yes,50,Yes,Yes,DSL,No,Yes,Yes,No,Yes,No,Month-to-month,Yes,Bank transfer (automatic),104.2,5265.42,0
6350-MYCZW,Female,0,No,No,28,Yes,Yes,Fiber optic,No,Yes,No,No,No,No,Month-to-month,Yes,Mailed check,97.16,2594.19,1
7035-KJBCW,Male,0,No,No,1,Yes,No,Fiber optic,No,No,No,No,No,Yes,Month-to-month,No,Bank transfer (automatic),92.96,80.72,1
3744-IZBCN,Female,1,Yes,Yes,2,Yes,No,No,No internet service,No internet service,No internet service,No internet service,No internet service,No internet service,Month-to-month,Yes,Bank transfer (automatic),91.1,153.2,0
2741-ICZMC,Female,0,Yes,No,63,Yes,No,Fiber optic,No,Yes,Yes,No,No,No,Month-to-month,No,Credit card (automatic),43.07,2650.73,1
